{"cameraMode":{"drawMode":0,"name":"Shaded","section":"Shading Mode"},"sceneLighting":true,"audioPlay":false,"sceneViewState":{"showFog":true,"showMaterialUpdate":false,"showSkybox":true,"showFlares":true,"showImageEffects":true,"showParticleSystems":true},"in2DMode":false,"pivot":{"x":0.9981619715690613,"y":0.4029519855976105,"z":4.4794840812683109},"rotation":{"x":-0.10589423030614853,"y":0.8479306697845459,"z":-0.18499800562858582,"w":-0.4853615164756775},"size":4.859400749206543,"orthographic":false}