{"cameraMode":{"drawMode":0,"name":"Shaded","section":"Shading Mode"},"sceneLighting":true,"audioPlay":false,"sceneViewState":{"showFog":true,"showMaterialUpdate":false,"showSkybox":true,"showFlares":true,"showImageEffects":true,"showParticleSystems":true},"in2DMode":false,"pivot":{"x":2.740459442138672,"y":0.07011085748672486,"z":6.041264533996582},"rotation":{"x":0.35556626319885256,"y":0.32101374864578249,"z":-0.13152390718460084,"w":0.8678849935531616},"size":35.01142883300781,"orthographic":false}