{"cameraMode":{"drawMode":0,"name":"Shaded","section":"Shading Mode"},"sceneLighting":true,"audioPlay":false,"sceneViewState":{"showFog":true,"showMaterialUpdate":false,"showSkybox":true,"showFlares":true,"showImageEffects":true,"showParticleSystems":true},"in2DMode":false,"pivot":{"x":-47.19941329956055,"y":-31.305322647094728,"z":-23.7380313873291},"rotation":{"x":0.13356806337833405,"y":-0.8344647884368897,"z":0.23123317956924439,"w":0.48203665018081667},"size":70.20619201660156,"orthographic":false}