{"cameraMode":{"drawMode":0,"name":"Shaded","section":"Shading Mode"},"sceneLighting":true,"audioPlay":false,"sceneViewState":{"showFog":true,"showMaterialUpdate":false,"showSkybox":true,"showFlares":true,"showImageEffects":true,"showParticleSystems":true},"in2DMode":false,"pivot":{"x":45.38239288330078,"y":-36.88933181762695,"z":81.87554168701172},"rotation":{"x":0.20992864668369294,"y":0.26542091369628909,"z":-0.05932619422674179,"w":0.9391284584999085},"size":110.83295440673828,"orthographic":false}