{"cameraMode":{"drawMode":0,"name":"Shaded","section":"Shading Mode"},"sceneLighting":true,"audioPlay":false,"sceneViewState":{"showFog":true,"showMaterialUpdate":false,"showSkybox":true,"showFlares":true,"showImageEffects":true,"showParticleSystems":true},"in2DMode":false,"pivot":{"x":0.896253228187561,"y":0.8753861784934998,"z":4.237387657165527},"rotation":{"x":0.19275206327438355,"y":0.6298817992210388,"z":-0.16541597247123719,"w":0.7339844703674316},"size":4.558530807495117,"orthographic":false}