{"cameraMode":{"drawMode":0,"name":"Shaded","section":"Shading Mode"},"sceneLighting":true,"audioPlay":false,"sceneViewState":{"showFog":true,"showMaterialUpdate":false,"showSkybox":true,"showFlares":true,"showImageEffects":true,"showParticleSystems":true},"in2DMode":false,"pivot":{"x":2.948963165283203,"y":-0.9018936157226563,"z":7.401431083679199},"rotation":{"x":-0.2170419692993164,"y":0.23110127449035645,"z":-0.052974436432123187,"w":-0.9469313025474548},"size":5.084853172302246,"orthographic":false}