{"cameraMode":{"drawMode":0,"name":"Shaded","section":"Shading Mode"},"sceneLighting":true,"audioPlay":false,"sceneViewState":{"showFog":true,"showMaterialUpdate":false,"showSkybox":true,"showFlares":true,"showImageEffects":true,"showParticleSystems":true},"in2DMode":false,"pivot":{"x":5.771994113922119,"y":-0.7869335412979126,"z":4.0865278244018559},"rotation":{"x":0.10048997402191162,"y":0.7009597420692444,"z":-0.10079148411750794,"w":0.6988550424575806},"size":8.060038566589356,"orthographic":false}